Datetime,Water Level (m)
2025-05-27 00:00:00,-0.827443
2025-05-27 01:00:00,-1.2160609
2025-05-27 02:00:00,-1.4620565
2025-05-27 03:00:00,-1.5790957
2025-05-27 04:00:00,-0.53565395
2025-05-27 05:00:00,0.9078956
2025-05-27 06:00:00,2.357525
2025-05-27 07:00:00,2.8353412
2025-05-27 08:00:00,2.891453
2025-05-27 09:00:00,2.318161
2025-05-27 10:00:00,1.3123728
2025-05-27 11:00:00,0.43102643
2025-05-27 12:00:00,-0.24353345
2025-05-27 13:00:00,-0.7270676
2025-05-27 14:00:00,-1.102768
2025-05-27 15:00:00,-1.3332062
2025-05-27 16:00:00,-1.1317824
2025-05-27 17:00:00,0.079107895
2025-05-27 18:00:00,1.5168667
2025-05-27 19:00:00,2.4070315
2025-05-27 20:00:00,2.555938
2025-05-27 21:00:00,2.271577
2025-05-27 22:00:00,1.396101
2025-05-27 23:00:00,0.50536865
2025-05-28 00:00:00,-0.18736511
2025-05-28 01:00:00,-0.7057436
2025-05-28 02:00:00,-1.093633
2025-05-28 03:00:00,-1.3222598
2025-05-28 04:00:00,-1.0119423
2025-05-28 05:00:00,0.31703275
2025-05-28 06:00:00,1.8972385
2025-05-28 07:00:00,2.9323916
2025-05-28 08:00:00,3.3358958
2025-05-28 09:00:00,3.1198344
2025-05-28 10:00:00,2.2117565
2025-05-28 11:00:00,1.1752527
2025-05-28 12:00:00,0.40770945
2025-05-28 13:00:00,-0.1816544
2025-05-28 14:00:00,-0.5704573
2025-05-28 15:00:00,-0.91092104
2025-05-28 16:00:00,-1.1160557
2025-05-28 17:00:00,-0.47386292
2025-05-28 18:00:00,0.87038195
2025-05-28 19:00:00,2.162535
2025-05-28 20:00:00,2.7626753
2025-05-28 21:00:00,2.9425516
2025-05-28 22:00:00,2.5298665
2025-05-28 23:00:00,1.6162194
2025-05-29 00:00:00,0.77465254
2025-05-29 01:00:00,0.12727071
2025-05-29 02:00:00,-0.22177453
2025-05-29 03:00:00,-0.32557034
2025-05-29 04:00:00,-0.020613441
2025-05-29 05:00:00,1.040132
2025-05-29 06:00:00,2.2897453
2025-05-29 07:00:00,3.1776085
2025-05-29 08:00:00,3.9626007
2025-05-29 09:00:00,4.1520042
2025-05-29 10:00:00,3.5884507
2025-05-29 11:00:00,2.7268527
2025-05-29 12:00:00,1.8427255
2025-05-29 13:00:00,1.018289
2025-05-29 14:00:00,0.4467789
2025-05-29 15:00:00,-0.004408496
2025-05-29 16:00:00,-0.3551982
2025-05-29 17:00:00,-0.5984809
2025-05-29 18:00:00,-0.050588
2025-05-29 19:00:00,1.2942889
2025-05-29 20:00:00,2.2718356
2025-05-29 21:00:00,2.6685612
2025-05-29 22:00:00,2.7319937
2025-05-29 23:00:00,2.154329
2025-05-30 00:00:00,1.2229539
2025-05-30 01:00:00,0.50194067
2025-05-30 02:00:00,-0.07371151
2025-05-30 03:00:00,-0.47264934
2025-05-30 04:00:00,-0.8040016
2025-05-30 05:00:00,-0.9686805
2025-05-30 06:00:00,-0.27113256
2025-05-30 07:00:00,1.1519954
2025-05-30 08:00:00,2.391482
2025-05-30 09:00:00,2.9299655
2025-05-30 10:00:00,3.0662107
2025-05-30 11:00:00,2.5525894
2025-05-30 12:00:00,1.5891615
2025-05-30 13:00:00,0.7362687
2025-05-30 14:00:00,0.09079978
2025-05-30 15:00:00,-0.3813026
2025-05-30 16:00:00,-0.7462136
2025-05-30 17:00:00,-1.0357276
2025-05-30 18:00:00,-1.0874296
2025-05-30 19:00:00,-0.24025263
2025-05-30 20:00:00,1.0490698
2025-05-30 21:00:00,2.0162838
2025-05-30 22:00:00,2.3059042
2025-05-30 23:00:00,2.2229571
2025-05-31 00:00:00,1.5872637
2025-05-31 01:00:00,0.7496898
2025-05-31 02:00:00,0.07856872
2025-05-31 03:00:00,-0.4504921
2025-05-31 04:00:00,-0.84137225
2025-05-31 05:00:00,-1.0856481
2025-05-31 06:00:00,-1.1109556
2025-05-31 07:00:00,-0.20960389
2025-05-31 08:00:00,1.1575235
2025-05-31 09:00:00,2.2262428
2025-05-31 10:00:00,2.654058
2025-05-31 11:00:00,2.6987593
2025-05-31 12:00:00,2.1605313
2025-05-31 13:00:00,1.2470903
2025-05-31 14:00:00,0.50386316
2025-05-31 15:00:00,-0.10030481
2025-05-31 16:00:00,-0.5426539
2025-05-31 17:00:00,-0.9034777
2025-05-31 18:00:00,-1.136866
2025-05-31 19:00:00,-1.1003996
2025-05-31 20:00:00,-0.25608444
2025-05-31 21:00:00,0.95004755
2025-05-31 22:00:00,1.8271825
2025-05-31 23:00:00,2.0424862
2025-06-01 00:00:00,1.9298339
2025-06-01 01:00:00,1.3408387
2025-06-01 02:00:00,0.6009745
2025-06-01 03:00:00,-0.020911586
2025-06-01 04:00:00,-0.50438356
2025-06-01 05:00:00,-0.8501174
2025-06-01 06:00:00,-1.0486361
2025-06-01 07:00:00,-0.90535784
2025-06-01 08:00:00,0.016395357
2025-06-01 09:00:00,1.2490662
2025-06-01 10:00:00,2.1134121
2025-06-01 11:00:00,2.450939
2025-06-01 12:00:00,2.4115446
2025-06-01 13:00:00,1.847233
2025-06-01 14:00:00,1.0436082
2025-06-01 15:00:00,0.37629262
2025-06-01 16:00:00,-0.15788288
2025-06-01 17:00:00,-0.553261
2025-06-01 18:00:00,-0.8761812
2025-06-01 19:00:00,-1.0573504
2025-06-01 20:00:00,-0.8391243
2025-06-01 21:00:00,-0.026864847
2025-06-01 22:00:00,1.0636419
2025-06-01 23:00:00,1.7142813
2025-06-02 00:00:00,1.870176
